City_ID,City,Lat,Lng,Max Temp,Humidity,Cloudiness,Wind Speed,Country,Date
0,Carnarvon,-24.8667,113.6333,73.47,46,15,20.71,AU,2022-02-07 00:35:18
1,Wanning,18.8003,110.3967,72.72,90,52,5.86,CN,2022-02-07 00:38:24
2,Puerto Ayora,-0.7393,-90.3518,74.55,92,15,4.0,EC,2022-02-07 00:38:25
3,Mataura,-46.1927,168.8643,60.48,36,21,1.88,NZ,2022-02-07 00:38:25
4,Annonay,45.2397,4.6708,48.85,85,100,3.94,FR,2022-02-07 00:38:26
5,Upernavik,72.7868,-56.1549,-16.53,100,100,9.57,GL,2022-02-07 00:38:27
6,New Norfolk,-42.7826,147.0587,74.66,31,0,3.44,AU,2022-02-07 00:38:22
7,Luderitz,-26.6481,15.1594,70.07,70,26,5.26,NA,2022-02-07 00:37:27
8,Hasaki,35.7333,140.8333,39.29,37,6,9.69,JP,2022-02-07 00:38:28
9,Vilhena,-12.7406,-60.1458,69.69,98,100,2.62,BR,2022-02-07 00:38:28
10,Cape Town,-33.9258,18.4232,64.27,85,20,3.44,ZA,2022-02-07 00:38:29
11,Cherskiy,68.75,161.3,-28.46,100,21,0.25,RU,2022-02-07 00:38:29
12,Show Low,34.2542,-110.0298,46.11,23,0,11.5,US,2022-02-07 00:38:30
13,Tuktoyaktuk,69.4541,-133.0374,-27.4,75,75,13.8,CA,2022-02-07 00:38:30
14,Vestmannaeyjar,63.4427,-20.2734,37.9,75,100,42.64,IS,2022-02-07 00:38:31
15,Kirakira,-10.4544,161.9205,84.94,76,100,10.98,SB,2022-02-07 00:38:32
16,Aklavik,68.2191,-135.0107,-22.97,92,100,18.68,CA,2022-02-07 00:38:33
17,Bethel,41.3712,-73.414,26.76,73,0,4.61,US,2022-02-07 00:38:33
18,Faya,18.3851,42.4509,48.72,80,15,2.71,SA,2022-02-07 00:38:03
19,Arraial Do Cabo,-22.9661,-42.0278,76.21,89,2,21.25,BR,2022-02-07 00:38:34
20,Kapaa,22.0752,-159.319,79.2,71,90,4.0,US,2022-02-07 00:38:16
21,Chumikan,54.7183,135.315,-7.08,85,16,13.35,RU,2022-02-07 00:38:36
22,Oranjestad,12.524,-70.027,78.75,73,20,14.97,AW,2022-02-07 00:38:01
23,Port Alfred,-33.5906,26.891,74.41,79,100,4.29,ZA,2022-02-07 00:38:37
24,Margate,51.3813,1.3862,43.75,67,4,11.99,GB,2022-02-07 00:38:09
25,Vaini,-21.2,-175.2,77.16,94,75,14.97,TO,2022-02-07 00:38:38
26,Mar Del Plata,-38.0023,-57.5575,66.09,81,75,4.0,AR,2022-02-07 00:38:39
27,Muravlenko,63.7898,74.523,-17.93,100,97,7.2,RU,2022-02-07 00:38:39
28,Haines Junction,60.7522,-137.5108,40.95,38,11,10.36,CA,2022-02-07 00:38:40
29,Yellowknife,62.456,-114.3525,-1.68,84,75,5.75,CA,2022-02-07 00:38:25
30,Teguldet,57.3064,88.1667,3.85,96,9,4.59,RU,2022-02-07 00:38:41
31,Ushuaia,-54.8,-68.3,60.46,63,75,6.91,AR,2022-02-07 00:37:19
32,Hobart,-42.8794,147.3294,74.01,53,20,1.01,AU,2022-02-07 00:38:42
33,Ribeira Grande,38.5167,-28.7,61.21,84,11,13.78,PT,2022-02-07 00:38:43
34,Camacha,33.0833,-16.3333,59.76,63,40,12.66,PT,2022-02-07 00:38:43
35,Barrow,71.2906,-156.7887,-25.58,68,0,12.66,US,2022-02-07 00:38:44
36,Rikitea,-23.1203,-134.9692,79.0,71,45,19.26,PF,2022-02-07 00:38:34
37,Saskylakh,71.9167,114.0833,-24.18,100,97,3.4,RU,2022-02-07 00:38:44
38,Kiunga,-6.1219,141.2906,89.31,60,100,0.89,PG,2022-02-07 00:38:45
39,Pittsfield,42.4501,-73.2454,20.41,58,0,6.91,US,2022-02-07 00:36:48
40,Hilo,19.7297,-155.09,78.53,77,100,11.5,US,2022-02-07 00:38:46
41,Anadyr,64.75,177.4833,-17.52,75,0,6.71,RU,2022-02-07 00:38:46
42,Nikolskoye,59.7035,30.7861,35.87,95,100,9.19,RU,2022-02-07 00:38:47
43,Leningradskiy,69.3833,178.4167,-24.88,99,50,3.04,RU,2022-02-07 00:38:47
44,Esperance,-33.8667,121.9,67.84,54,15,26.33,AU,2022-02-07 00:38:48
45,Punta Arenas,-53.15,-70.9167,53.71,82,75,9.22,CL,2022-02-07 00:35:31
46,Busselton,-33.65,115.3333,63.05,57,36,19.1,AU,2022-02-07 00:38:48
47,Tiksi,71.6872,128.8694,-16.78,99,100,5.88,RU,2022-02-07 00:38:39
48,Chuy,-33.6971,-53.4616,63.05,67,0,14.41,UY,2022-02-07 00:39:49
49,Fortuna,40.5982,-124.1573,52.86,92,100,1.01,US,2022-02-07 00:39:49
50,Atuona,-9.8,-139.0333,78.91,74,12,18.68,PF,2022-02-07 00:38:47
51,Bredasdorp,-34.5322,20.0403,61.29,88,8,2.3,ZA,2022-02-07 00:39:50
52,East London,-33.0153,27.9116,71.76,84,100,15.35,ZA,2022-02-07 00:39:50
53,Butaritari,3.0707,172.7902,82.58,74,85,15.75,KI,2022-02-07 00:39:51
54,Bahia Blanca,-38.7196,-62.2724,63.73,73,19,7.94,AR,2022-02-07 00:39:51
55,Mayo,38.8876,-76.5119,34.41,52,100,4.0,US,2022-02-07 00:39:51
56,Oistins,13.0667,-59.5333,78.89,78,75,17.27,BB,2022-02-07 00:36:41
57,Bluff,-46.6,168.3333,60.8,63,0,12.57,NZ,2022-02-07 00:39:52
58,Maniitsoq,65.4167,-52.9,3.45,81,100,17.69,GL,2022-02-07 00:39:52
59,Kaitangata,-46.2817,169.8464,58.93,77,62,6.69,NZ,2022-02-07 00:39:53
60,Mahebourg,-20.4081,57.7,79.09,83,40,8.05,MU,2022-02-07 00:39:53
61,Hermanus,-34.4187,19.2345,63.9,93,91,3.22,ZA,2022-02-07 00:39:54
62,Hithadhoo,-0.6,73.0833,82.27,70,63,14.88,MV,2022-02-07 00:39:54
63,Muroto,33.2833,134.15,35.64,54,92,9.55,JP,2022-02-07 00:39:54
64,Evensk,61.95,159.2333,3.92,70,0,7.31,RU,2022-02-07 00:39:25
65,Nemuro,43.3236,145.575,28.83,72,27,11.63,JP,2022-02-07 00:39:55
66,Norman Wells,65.282,-126.8329,-11.16,64,100,16.11,CA,2022-02-07 00:39:55
67,Avarua,-21.2078,-159.775,82.45,78,20,13.8,CK,2022-02-07 00:39:56
68,Albany,42.6001,-73.9662,21.15,79,10,2.55,US,2022-02-07 00:36:56
69,Elsmere,39.0126,-84.6047,30.92,84,0,0.0,US,2022-02-07 00:39:56
70,Chokurdakh,70.6333,147.9167,-41.17,100,78,2.46,RU,2022-02-07 00:39:57
71,Ormara,25.2088,64.6357,70.16,85,2,8.08,PK,2022-02-07 00:39:57
72,Makakilo City,21.3469,-158.0858,82.72,53,20,6.91,US,2022-02-07 00:39:58
73,Igrim,63.1906,64.4162,-8.72,100,99,4.12,RU,2022-02-07 00:39:58
74,Bandrele,-12.9067,45.1914,80.35,89,40,3.44,YT,2022-02-07 00:39:59
75,Bambous Virieux,-20.3428,57.7575,79.05,83,40,8.05,MU,2022-02-07 00:39:59
76,San Patricio,28.017,-97.5169,63.01,78,100,10.0,US,2022-02-07 00:39:59
77,Provideniya,64.3833,-173.3,1.51,66,0,6.71,RU,2022-02-07 00:40:00
78,Spencer,43.1414,-95.1444,22.68,76,0,10.36,US,2022-02-07 00:39:15
79,Mount Gambier,-37.8333,140.7667,82.31,28,0,14.97,AU,2022-02-07 00:40:01
80,Touros,-5.1989,-35.4608,81.5,73,11,10.8,BR,2022-02-07 00:40:01
81,Guanica,17.9716,-66.908,74.21,91,29,1.99,PR,2022-02-07 00:40:02
82,Haikou,20.0458,110.3417,68.13,100,75,4.47,CN,2022-02-07 00:40:02
83,Fulton,33.7668,-84.4499,47.86,46,90,5.75,US,2022-02-07 00:36:11
84,Tasiilaq,65.6145,-37.6368,23.16,55,100,51.72,GL,2022-02-07 00:40:03
85,Bell Ville,-32.6259,-62.6887,60.46,51,0,8.16,AR,2022-02-07 00:40:04
86,Nouadhibou,20.931,-17.0347,64.38,94,88,11.5,MR,2022-02-07 00:40:04
87,Thompson,55.7435,-97.8558,-7.44,71,75,3.44,CA,2022-02-07 00:40:05
88,Muros,42.7762,-9.0603,51.24,89,11,8.7,ES,2022-02-07 00:40:05
89,Bac Lieu,9.285,105.7244,80.13,71,100,11.21,VN,2022-02-07 00:40:05
90,Padang,-0.9492,100.3543,71.65,77,100,1.66,ID,2022-02-07 00:40:06
91,Vila Do Maio,15.1333,-23.2167,70.59,80,0,14.61,CV,2022-02-07 00:40:06
92,La Romana,18.4273,-68.9728,74.93,100,40,6.91,DO,2022-02-07 00:37:46
93,Lagos,6.5833,3.75,80.92,96,68,1.5,NG,2022-02-07 00:41:07
94,Colac,-38.3333,143.5833,72.18,36,0,3.83,AU,2022-02-07 00:41:08
95,Novyy Urengoy,66.0833,76.6333,-21.05,100,82,1.92,RU,2022-02-07 00:41:08
96,Laguna,38.421,-121.4238,69.22,44,0,1.99,US,2022-02-07 00:36:15
97,Tilichiki,60.4667,166.1,-6.38,79,1,9.78,RU,2022-02-07 00:41:11
98,Yumen,40.2833,97.2,11.41,80,100,9.55,CN,2022-02-07 00:41:12
99,Jamestown,42.097,-79.2353,31.59,39,0,14.97,US,2022-02-07 00:38:43
100,Pindorama,-21.1858,-48.9072,73.45,90,100,3.4,BR,2022-02-07 00:41:12
101,Aksarka,66.5606,67.7975,-14.26,100,96,6.78,RU,2022-02-07 00:37:19
102,Adeje,28.1227,-16.726,63.1,57,0,1.01,ES,2022-02-07 00:41:13
103,Zhigansk,66.7697,123.3711,-33.18,100,92,4.14,RU,2022-02-07 00:41:14
104,Samarai,-10.6167,150.6667,85.12,69,86,11.61,PG,2022-02-07 00:41:14
105,Cidreira,-30.1811,-50.2056,69.87,71,10,11.12,BR,2022-02-07 00:38:51
106,Qaanaaq,77.484,-69.3632,-12.53,59,36,8.34,GL,2022-02-07 00:41:14
107,Falun,60.6036,15.626,25.95,94,57,2.26,SE,2022-02-07 00:41:15
108,Airai,-8.9266,125.4092,72.12,67,8,1.16,TL,2022-02-07 00:41:16
109,Georgetown,5.4112,100.3354,77.9,92,40,1.99,MY,2022-02-07 00:41:17
110,Ponta Delgada,37.7333,-25.6667,60.49,94,75,8.05,PT,2022-02-07 00:41:17
111,Porto Walter,-8.2686,-72.7439,73.72,96,100,2.01,BR,2022-02-07 00:41:18
112,Chaman,30.9236,66.4512,40.89,38,0,2.75,PK,2022-02-07 00:41:18
113,Tarakan,3.3,117.6333,78.3,94,40,3.44,ID,2022-02-07 00:41:19
114,Kamenka,51.3223,42.7678,15.33,100,80,6.51,RU,2022-02-07 00:41:19
115,Tabuk,17.4189,121.4443,70.65,93,100,1.39,PH,2022-02-07 00:41:20
116,Lubango,-14.9172,13.4925,62.02,52,100,2.73,AO,2022-02-07 00:41:20
117,Pokhara,28.2333,83.9833,46.44,67,2,3.15,NP,2022-02-07 00:41:21
118,Nizhniy Tsasuchey,50.5167,115.1333,4.75,91,9,6.6,RU,2022-02-07 00:41:21
119,Palmer,42.1584,-72.3287,24.17,74,67,1.97,US,2022-02-07 00:41:25
120,Saint-Augustin,51.226,-58.6502,-21.62,90,12,5.95,CA,2022-02-07 00:41:25
121,Jinzhou,41.1078,121.1417,19.42,57,90,2.51,CN,2022-02-07 00:41:26
122,Kidal,18.4411,1.4078,62.47,15,0,10.22,ML,2022-02-07 00:41:26
123,Kahului,20.8947,-156.47,82.42,59,20,26.46,US,2022-02-07 00:41:27
124,Inuvik,68.3499,-133.7218,-22.94,76,100,9.22,CA,2022-02-07 00:41:27
125,Clyde River,70.4692,-68.5914,-32.57,68,0,8.05,CA,2022-02-07 00:40:05
126,Iranshahr,27.2025,60.6848,57.54,44,0,0.0,IR,2022-02-07 00:41:28
127,Los Llanos De Aridane,28.6585,-17.9182,62.13,70,40,18.99,ES,2022-02-07 00:41:28
128,Bengkulu,-3.8004,102.2655,76.39,88,99,8.9,ID,2022-02-07 00:41:29
129,Kalemie,-5.9475,29.1947,68.16,92,100,6.49,CD,2022-02-07 00:41:29
130,San Pedro,14.35,121.0167,78.35,85,75,4.61,PH,2022-02-07 00:41:30
131,Codrington,-38.2667,141.9667,82.31,28,0,3.44,AU,2022-02-07 00:41:30
132,Gizo,-8.103,156.8419,85.98,72,100,14.12,SB,2022-02-07 00:41:31
133,Torbay,47.6666,-52.7314,12.76,75,20,17.27,CA,2022-02-07 00:41:31
134,Asau,46.4333,26.4,34.72,69,100,5.93,RO,2022-02-07 00:41:32
135,Itarema,-2.9248,-39.9167,79.54,78,0,12.37,BR,2022-02-07 00:41:32
136,Andenes,69.3143,16.1194,28.38,74,75,10.36,NO,2022-02-07 00:41:33
137,Manta,-0.95,-80.7333,78.58,78,75,10.36,EC,2022-02-07 00:40:01
138,Longyearbyen,78.2186,15.6401,19.24,68,20,12.66,SJ,2022-02-07 00:41:34
139,Kavieng,-2.5744,150.7967,83.79,71,89,2.24,PG,2022-02-07 00:42:35
140,Praia Da Vitoria,38.7333,-27.0667,60.76,94,75,17.83,PT,2022-02-07 00:42:35
141,Khatanga,71.9667,102.5,-15.39,98,99,9.24,RU,2022-02-07 00:42:37
142,Svetlaya,46.5389,138.3297,13.14,57,7,4.9,RU,2022-02-07 00:42:37
143,Svencioneliai,55.1667,26.0,32.18,97,100,14.0,LT,2022-02-07 00:42:38
144,Roald,62.5833,6.1333,40.33,81,75,14.97,NO,2022-02-07 00:42:38
145,Galveston,29.3669,-94.9669,55.22,76,100,9.22,US,2022-02-07 00:39:24
146,Vakhrushevo,55.2317,61.7173,-6.63,83,100,2.24,RU,2022-02-07 00:42:41
147,Crotone,39.0851,17.1178,50.09,79,15,12.59,IT,2022-02-07 00:42:42
148,Hamilton,39.1834,-84.5333,33.19,80,0,0.0,US,2022-02-07 00:42:43
149,Maua,-23.6678,-46.4614,74.07,91,100,3.44,BR,2022-02-07 00:42:43
150,Kununurra,-15.7667,128.7333,78.78,94,40,6.91,AU,2022-02-07 00:42:44
151,Poso,-1.3959,120.7524,84.25,64,83,0.81,ID,2022-02-07 00:42:44
152,Camopi,3.1655,-52.3158,72.01,99,100,1.83,GF,2022-02-07 00:42:45
153,Camana,-16.6228,-72.7111,71.51,80,100,5.19,PE,2022-02-07 00:42:45
154,Aden,12.7794,45.0367,76.87,67,96,8.3,YE,2022-02-07 00:38:41
155,Souillac,-20.5167,57.5167,79.18,83,40,8.05,MU,2022-02-07 00:42:47
156,Ponta Do Sol,32.6667,-17.1,63.23,67,9,10.22,PT,2022-02-07 00:42:47
157,Eureka,40.8021,-124.1637,53.13,82,0,1.01,US,2022-02-07 00:42:48
158,Port Augusta,-32.5,137.7667,88.7,19,7,18.21,AU,2022-02-07 00:42:48
159,Sexsmith,55.35,-118.786,43.95,49,75,11.5,CA,2022-02-07 00:42:49
160,Khor,47.8861,134.9464,-0.15,94,99,6.26,RU,2022-02-07 00:42:49
161,Dikson,73.5069,80.5464,-15.29,98,100,14.74,RU,2022-02-07 00:42:50
162,Palasa,18.7667,84.4167,63.99,77,100,3.58,IN,2022-02-07 00:42:50
163,Mokhsogollokh,61.4681,128.9203,-27.31,100,100,2.8,RU,2022-02-07 00:42:51
164,Guerrero Negro,27.9769,-114.0611,63.23,37,0,11.1,MX,2022-02-07 00:42:52
165,Hegang,47.4,130.3667,6.35,78,87,5.01,CN,2022-02-07 00:42:52
166,Vardo,70.3705,31.1107,23.18,81,70,19.93,NO,2022-02-07 00:42:53
167,Victoria,22.2855,114.1577,62.96,90,99,11.99,HK,2022-02-07 00:42:54
168,Hofn,64.2539,-15.2082,29.41,65,100,10.98,IS,2022-02-07 00:42:55
169,Manthani,18.65,79.6667,62.94,88,90,3.47,IN,2022-02-07 00:42:55
170,Narsaq,60.9167,-46.05,8.82,82,100,3.62,GL,2022-02-07 00:42:55
171,Caravelas,-17.7125,-39.2481,77.09,84,68,6.2,BR,2022-02-07 00:42:56
172,Honningsvag,70.9821,25.9704,25.95,78,68,28.5,NO,2022-02-07 00:42:56
173,Charters Towers,-20.1,146.2667,81.57,50,96,9.89,AU,2022-02-07 00:42:11
174,Esso,55.9333,158.7,15.66,87,94,2.71,RU,2022-02-07 00:42:57
175,Klaksvik,62.2266,-6.589,34.72,53,91,26.84,FO,2022-02-07 00:38:02
176,Bondoukou,8.0333,-2.8,76.21,26,15,2.44,CI,2022-02-07 00:42:58
177,Mazagao,-0.115,-51.2894,77.05,97,100,3.36,BR,2022-02-07 00:42:59
178,Kupang,-10.1667,123.5833,83.68,78,19,6.98,ID,2022-02-07 00:42:59
179,Beira,-19.8436,34.8389,77.09,88,75,12.66,MZ,2022-02-07 00:42:59
180,Tevriz,57.509,72.4042,-2.81,98,99,4.5,RU,2022-02-07 00:43:00
181,Qasigiannguit,68.8193,-51.1922,1.65,98,100,7.07,GL,2022-02-07 00:43:00
182,Turochak,52.2576,87.1224,-4.29,97,23,2.86,RU,2022-02-07 00:43:01
183,Saint-Philippe,-21.3585,55.7679,76.59,84,99,13.4,RE,2022-02-07 00:42:00
184,Castro,-24.7911,-50.0119,64.29,79,6,0.04,BR,2022-02-07 00:43:01
185,Nome,64.5011,-165.4064,-0.33,60,1,11.5,US,2022-02-07 00:43:02
186,Portland,45.5234,-122.6762,57.74,72,20,3.0,US,2022-02-07 00:41:28
187,Pacific Grove,36.6177,-121.9166,69.75,68,0,1.99,US,2022-02-07 00:44:03
188,Aleppo,36.25,37.5,42.39,77,0,5.28,SY,2022-02-07 00:44:03
189,Pyshchug,58.8873,45.7134,0.97,100,100,2.19,RU,2022-02-07 00:44:04
190,Fukue,32.6881,128.8419,43.16,56,75,3.44,JP,2022-02-07 00:44:04
191,Talnakh,69.4865,88.3972,-28.43,99,57,1.5,RU,2022-02-07 00:44:05
192,Aykhal,66.0,111.5,-16.17,100,99,5.79,RU,2022-02-07 00:43:48
193,Tres Arroyos,-38.3739,-60.2798,56.59,85,15,6.69,AR,2022-02-07 00:44:05
194,Santa Cruz,-17.8,-63.1667,76.46,69,40,5.75,BO,2022-02-07 00:39:33
195,Ginir,7.1333,40.7,56.82,24,100,4.03,ET,2022-02-07 00:44:06
196,Avera,33.194,-82.5271,46.27,55,100,8.68,US,2022-02-07 00:44:06
197,Navolato,24.7672,-107.6944,70.12,62,0,10.4,MX,2022-02-07 00:44:07
198,Comodoro Rivadavia,-45.8667,-67.5,69.66,43,0,3.44,AR,2022-02-07 00:44:07
199,Victor Harbor,-35.5667,138.6167,89.8,44,0,15.35,AU,2022-02-07 00:44:08
200,Vostok,46.4856,135.8833,2.77,87,97,2.84,RU,2022-02-07 00:44:08
201,Furukawa,38.5717,140.9556,33.55,60,65,15.73,JP,2022-02-07 00:44:09
202,Peniche,39.3558,-9.3811,54.63,71,6,9.53,PT,2022-02-07 00:44:09
203,Faanui,-16.4833,-151.75,81.32,73,100,18.79,PF,2022-02-07 00:44:10
204,San Angelo,31.4638,-100.437,55.62,30,0,7.0,US,2022-02-07 00:39:18
205,San Cristobal,7.7669,-72.225,69.98,90,25,1.3,VE,2022-02-07 00:44:10
206,Severo-Kurilsk,50.6789,156.125,32.27,81,100,11.5,RU,2022-02-07 00:44:10
207,Meulaboh,4.1363,96.1285,76.77,84,100,1.43,ID,2022-02-07 00:44:11
208,Jishou,28.3167,109.7167,34.36,95,100,3.15,CN,2022-02-07 00:44:11
209,Mweka,-4.85,21.5667,68.23,98,100,0.36,CD,2022-02-07 00:44:12
210,Talara,-4.5772,-81.2719,71.33,85,25,9.66,PE,2022-02-07 00:44:12
211,Port Hedland,-20.3167,118.5667,78.85,100,100,5.75,AU,2022-02-07 00:44:13
212,Port Blair,11.6667,92.75,75.24,94,40,6.91,IN,2022-02-07 00:44:13
213,Vila Velha,-20.3297,-40.2925,80.55,88,75,7.0,BR,2022-02-07 00:44:14
214,Prince Rupert,54.3161,-130.3201,48.29,66,90,17.27,CA,2022-02-07 00:44:14
215,Ahipara,-35.1667,173.1667,75.25,96,92,6.13,NZ,2022-02-07 00:44:15
216,Vao,-22.6667,167.4833,80.62,83,66,8.3,NC,2022-02-07 00:44:15
217,Plouzane,48.3833,-4.6167,51.98,90,90,11.5,FR,2022-02-07 00:44:16
218,Oriximina,-1.7656,-55.8661,74.93,92,100,2.98,BR,2022-02-07 00:44:16
219,Shingu,33.7333,135.9833,40.19,43,74,8.25,JP,2022-02-07 00:44:17
220,Amurzet,47.6967,131.0981,3.31,87,99,4.7,RU,2022-02-07 00:44:17
221,Chabahar,25.2919,60.643,69.91,64,0,11.86,IR,2022-02-07 00:44:18
222,Vanimo,-2.6741,141.3028,83.23,74,100,2.37,PG,2022-02-07 00:44:19
223,Praia,14.9215,-23.5087,70.34,78,0,18.41,CV,2022-02-07 00:44:19
224,Sechura,-5.5569,-80.8222,73.22,72,70,15.41,PE,2022-02-07 00:44:19
225,Kropotkin,45.4375,40.5756,31.26,86,100,10.04,RU,2022-02-07 00:44:20
226,Puro,12.4841,123.3827,80.22,76,100,12.84,PH,2022-02-07 00:44:20
227,Ancud,-41.8697,-73.8203,66.22,84,5,3.13,CL,2022-02-07 00:44:21
228,Pevek,69.7008,170.3133,-23.1,98,31,0.96,RU,2022-02-07 00:44:21
229,Collie,-33.3667,116.15,59.99,52,19,12.44,AU,2022-02-07 00:44:22
230,Nizhniy Kuranakh,58.8353,125.4869,-6.7,93,100,0.13,RU,2022-02-07 00:44:22
231,Batagay-Alyta,67.8006,130.4114,-25.29,96,100,3.31,RU,2022-02-07 00:44:23
232,Mayor Pablo Lagerenza,-19.9309,-60.7718,82.44,34,42,10.92,PY,2022-02-07 00:44:24
233,Kurchum,48.5722,83.6542,1.2,76,0,2.24,KZ,2022-02-07 00:45:24
234,Namibe,-15.1961,12.1522,73.04,68,100,9.15,AO,2022-02-07 00:43:15
235,Riihimaki,60.7377,24.7773,33.98,99,99,5.1,FI,2022-02-07 00:45:25
236,Lerwick,60.1545,-1.1494,39.2,53,86,34.38,GB,2022-02-07 00:45:26
237,Manokwari,-0.8667,134.0833,81.97,68,100,3.78,ID,2022-02-07 00:45:27
238,Birin,26.8865,88.0718,40.87,82,60,1.99,NP,2022-02-07 00:45:27
239,Kloulklubed,7.0419,134.2556,82.9,79,39,22.73,PW,2022-02-07 00:45:28
240,Masuda,34.6667,131.85,37.67,70,75,3.44,JP,2022-02-07 00:45:29
241,Acarau,-2.8856,-40.12,79.66,77,0,13.78,BR,2022-02-07 00:45:29
242,Port Elizabeth,-33.918,25.5701,70.11,77,0,4.61,ZA,2022-02-07 00:45:29
243,Carballo,43.213,-8.691,49.87,94,46,1.92,ES,2022-02-07 00:45:30
244,Muhos,64.808,25.9931,31.78,90,100,7.38,FI,2022-02-07 00:45:30
245,Mahon,39.8885,4.2658,48.76,87,0,4.61,ES,2022-02-07 00:43:28
246,Alugan,12.2188,125.4808,82.22,72,12,13.98,PH,2022-02-07 00:45:31
247,Tura,25.5198,90.2201,51.03,78,0,3.09,IN,2022-02-07 00:45:31
248,Sitka,57.0531,-135.33,44.49,76,100,9.22,US,2022-02-07 00:45:32
249,Nishihara,26.1842,127.7558,61.88,59,75,5.75,JP,2022-02-07 00:45:32
250,Pahrump,36.2083,-115.9839,65.5,12,0,1.99,US,2022-02-07 00:41:57
251,Suzun,53.7841,82.3116,-2.88,97,100,0.49,RU,2022-02-07 00:45:33
252,Sao Filipe,14.8961,-24.4956,72.81,75,0,5.7,CV,2022-02-07 00:45:34
253,Alofi,-19.0595,-169.9187,80.49,89,100,4.61,NU,2022-02-07 00:45:34
254,Khasan,42.4308,130.6434,19.99,50,2,11.95,RU,2022-02-07 00:45:35
255,Aranos,-24.1333,19.1167,73.45,57,99,7.45,NA,2022-02-07 00:45:35
256,Chapais,49.7834,-74.8492,4.78,95,100,6.89,CA,2022-02-07 00:45:36
257,Korla,41.7597,86.1469,21.67,50,74,3.33,CN,2022-02-07 00:45:36
258,Ranong,9.9658,98.6348,73.33,81,100,4.27,TH,2022-02-07 00:45:37
259,Tuatapere,-46.1333,167.6833,59.83,45,0,6.82,NZ,2022-02-07 00:43:59
260,Denpasar,-8.65,115.2167,82.06,88,20,9.22,ID,2022-02-07 00:45:37
261,Jurm,36.8648,70.8342,26.22,85,93,4.59,AF,2022-02-07 00:45:38
262,Tessalit,20.1986,1.0114,61.23,15,0,6.26,ML,2022-02-07 00:45:38
263,Ilulissat,69.2167,-51.1,1.42,71,20,10.36,GL,2022-02-07 00:45:39
264,Grindavik,63.8424,-22.4338,32.47,69,100,27.63,IS,2022-02-07 00:45:39
265,Lavrentiya,65.5833,-171.0,-12.78,94,9,3.2,RU,2022-02-07 00:42:43
266,Lentekhi,42.7856,42.7261,20.3,93,100,5.08,GE,2022-02-07 00:45:40
267,Gwadar,25.1216,62.3254,69.44,75,0,7.07,PK,2022-02-07 00:45:40
268,Vila Franca Do Campo,37.7167,-25.4333,60.19,85,43,11.88,PT,2022-02-07 00:42:04
269,Te Anau,-45.4167,167.7167,65.93,46,34,2.59,NZ,2022-02-07 00:45:41
270,San Quintin,30.4833,-115.95,61.59,43,0,6.64,MX,2022-02-07 00:45:41
271,West Wendover,40.7391,-114.0733,34.32,57,0,4.21,US,2022-02-07 00:45:42
272,Hachinohe,40.5,141.5,25.83,59,41,10.92,JP,2022-02-07 00:45:42
273,Sorong,-0.8833,131.25,83.71,70,100,6.91,ID,2022-02-07 00:45:43
274,Sorland,67.667,12.6934,36.0,63,100,7.76,NO,2022-02-07 00:44:31
275,Simbahan,6.3032,120.5836,81.48,78,98,9.93,PH,2022-02-07 00:45:44
276,Markova,48.6758,24.4138,37.6,77,100,11.07,UA,2022-02-07 00:45:45
277,Coihaique,-45.5752,-72.0662,77.61,46,0,3.44,CL,2022-02-07 00:44:05
278,Bol,13.4586,14.7147,68.31,30,0,20.4,TD,2022-02-07 00:46:45
279,Ninghai,29.2892,121.4247,41.74,97,100,3.15,CN,2022-02-07 00:46:46
280,Umm Lajj,25.0213,37.2685,65.55,40,0,14.47,SA,2022-02-07 00:46:46
281,Opuwo,-18.0607,13.84,67.32,49,100,3.31,NA,2022-02-07 00:46:47
282,Rio Gallegos,-51.6226,-69.2181,66.25,42,75,26.46,AR,2022-02-07 00:46:47
283,Eyl,7.9803,49.8164,73.44,77,100,14.34,SO,2022-02-07 00:46:48
284,Jaen,38.0,-3.5,48.16,70,0,5.01,ES,2022-02-07 00:46:49
285,Bueu,42.3246,-8.785,51.21,72,0,5.75,ES,2022-02-07 00:46:50
286,Paso De Los Toros,-32.8167,-56.5167,60.75,63,2,8.39,UY,2022-02-07 00:46:50
287,Prieska,-29.6641,22.7474,73.38,58,76,4.43,ZA,2022-02-07 00:46:51
288,Hede,33.7681,120.2517,35.8,79,100,5.41,CN,2022-02-07 00:46:51
289,Coahuayana,18.7333,-103.6833,85.48,67,94,2.89,MX,2022-02-07 00:46:52
290,Alyangula,-13.8483,136.4192,82.27,83,40,5.75,AU,2022-02-07 00:46:52
291,Araouane,18.9048,-3.5265,64.02,12,0,8.68,ML,2022-02-07 00:46:28
292,Floro,61.5996,5.0328,37.96,81,75,32.21,NO,2022-02-07 00:46:53
293,Wenling,28.3669,121.36,43.92,90,100,4.47,CN,2022-02-07 00:43:31
294,Rincon,32.296,-81.2354,44.85,88,100,12.66,US,2022-02-07 00:46:54
295,Thinadhoo,0.5333,72.9333,82.29,63,100,11.92,MV,2022-02-07 00:46:54
296,Znamenskoye,57.1281,73.8282,-3.62,98,100,4.36,RU,2022-02-07 00:46:54
297,Nova Londrina,-22.7658,-52.985,72.57,80,91,5.41,BR,2022-02-07 00:46:55
298,Pietroasa,46.5833,22.55,40.32,83,100,7.27,RO,2022-02-07 00:46:55
299,Xining,36.6167,101.7667,8.6,86,94,2.28,CN,2022-02-07 00:46:56
300,Atambua,-9.1061,124.8925,81.66,72,15,2.93,ID,2022-02-07 00:46:56
301,Roma,43.2128,-75.4557,26.94,69,0,9.22,US,2022-02-07 00:44:30
302,Chara,56.9064,118.2631,-5.15,82,52,1.48,RU,2022-02-07 00:46:57
303,Mount Isa,-20.7333,139.5,85.77,45,5,11.5,AU,2022-02-07 00:46:58
304,Ushumun,52.7833,126.5333,-2.65,88,10,1.83,RU,2022-02-07 00:46:58
305,Rawson,-43.3002,-65.1023,66.27,46,0,16.55,AR,2022-02-07 00:46:59
306,Leh,34.1667,77.5833,5.31,94,100,1.1,IN,2022-02-07 00:46:59
307,Husavik,66.0449,-17.3389,19.31,90,100,10.58,IS,2022-02-07 00:46:59
308,Walvis Bay,-22.9575,14.5053,70.75,83,83,6.91,NA,2022-02-07 00:47:00
309,Oranjemund,-28.55,16.4333,65.59,77,7,4.94,NA,2022-02-07 00:47:00
310,Komsomolskiy,40.4272,71.7189,38.12,87,75,2.3,UZ,2022-02-07 00:47:01
311,Huntington,38.4193,-82.4452,32.61,89,3,2.06,US,2022-02-07 00:47:01
312,Sechelt,49.4664,-123.7694,48.52,84,14,1.68,CA,2022-02-07 00:47:01
313,Humaita,-7.5061,-63.0208,74.3,98,100,2.04,BR,2022-02-07 00:47:02
314,Idrinskoye,54.3708,92.1358,9.41,91,100,2.89,RU,2022-02-07 00:47:02
315,Taoudenni,22.6783,-3.9836,66.47,13,0,10.6,ML,2022-02-07 00:47:03
316,Cabra,37.4725,-4.4421,51.13,82,0,3.27,ES,2022-02-07 00:47:03
317,Jiwani,25.05,61.7417,70.43,68,0,7.49,PK,2022-02-07 00:47:04
318,Hokitika,-42.7167,170.9667,66.67,54,100,6.6,NZ,2022-02-07 00:47:04
319,Kodiak,57.79,-152.4072,36.91,44,100,11.5,US,2022-02-07 00:44:34
320,Fort Walton Beach,30.4058,-86.6188,53.98,76,0,3.0,US,2022-02-07 00:44:11
321,Ronne,55.1009,14.7066,39.11,87,100,16.11,DK,2022-02-07 00:47:06
322,Zatoka,46.0725,30.4654,34.34,75,23,13.89,UA,2022-02-07 00:47:06
323,Gigmoto,13.7796,124.39,78.94,83,47,15.12,PH,2022-02-07 00:46:00
324,Fortuna Foothills,32.6578,-114.4119,75.29,11,0,5.01,US,2022-02-07 00:47:07
325,Nunoa,-14.48,-70.6411,40.78,90,100,4.79,PE,2022-02-07 00:48:07
326,Sao Geraldo Do Araguaia,-6.4006,-48.555,73.71,94,14,1.43,BR,2022-02-07 00:48:08
327,Murdochville,48.9583,-65.5006,-1.32,84,100,8.32,CA,2022-02-07 00:48:08
328,Constitucion,-35.3333,-72.4167,58.86,81,0,8.03,CL,2022-02-07 00:48:08
329,Aksum,14.1245,38.7244,54.19,49,10,1.61,ET,2022-02-07 00:48:09
330,Sladkovo,55.5284,70.3385,-4.45,92,66,7.31,RU,2022-02-07 00:48:09
331,Inhambane,-23.865,35.3833,76.12,84,69,14.07,MZ,2022-02-07 00:48:10
332,Kemin,42.7846,75.6892,31.41,98,100,4.12,KG,2022-02-07 00:48:10
333,Berlevag,70.8578,29.0864,19.31,86,44,20.69,NO,2022-02-07 00:48:10
334,Okhotsk,59.3833,143.3,-0.85,71,96,9.28,RU,2022-02-07 00:48:11
335,Waitati,-45.75,170.5667,62.51,59,100,8.75,NZ,2022-02-07 00:48:11
336,Port Lincoln,-34.7333,135.8667,79.14,47,0,15.32,AU,2022-02-07 00:48:12
337,Tazovskiy,67.4667,78.7,-24.54,100,90,0.49,RU,2022-02-07 00:48:12
338,Gazli,40.1333,63.45,34.52,66,96,3.56,UZ,2022-02-07 00:48:12
339,Beringovskiy,63.05,179.3167,-13.0,95,23,5.21,RU,2022-02-07 00:48:13
340,Buala,-8.145,159.5921,86.77,70,90,12.71,SB,2022-02-07 00:48:13
341,Tukrah,32.5341,20.5791,55.72,72,54,9.04,LY,2022-02-07 00:48:14
342,Geraldton,-28.7667,114.6,73.81,49,100,14.97,AU,2022-02-07 00:48:14
343,Qui Nhon,13.7667,109.2333,73.17,86,65,5.64,VN,2022-02-07 00:48:15
344,Kysyl-Syr,63.8986,122.7617,-25.17,98,97,6.82,RU,2022-02-07 00:48:15
345,Olean,42.0776,-78.4297,30.88,68,0,10.36,US,2022-02-07 00:48:15
346,Karratha,-20.7377,116.8463,87.82,63,43,7.0,AU,2022-02-07 00:48:16
347,Ambon,-3.6954,128.1814,84.34,74,40,3.44,ID,2022-02-07 00:48:16
348,Vaitape,-16.5167,-151.75,81.32,73,100,18.7,PF,2022-02-07 00:47:23
349,Olovyannaya,50.95,115.5667,-5.4,100,70,0.83,RU,2022-02-07 00:48:17
350,Cabo San Lucas,22.8909,-109.9124,70.61,68,20,8.05,MX,2022-02-07 00:45:45
351,Amapa,1.0,-52.0,71.85,100,100,2.06,BR,2022-02-07 00:48:17
352,Srednekolymsk,67.45,153.6833,-29.6,97,51,1.16,RU,2022-02-07 00:48:18
353,Onega,63.9061,38.1404,8.65,94,82,11.03,RU,2022-02-07 00:48:18
354,Saint-Joseph,-21.3667,55.6167,75.58,79,76,10.38,RE,2022-02-07 00:48:19
355,Burnie,-41.0667,145.9167,70.95,51,1,10.85,AU,2022-02-07 00:48:19
356,Dingle,10.9995,122.6711,80.91,72,91,13.94,PH,2022-02-07 00:48:20
357,Melita,49.2681,-100.9967,7.54,96,100,8.46,CA,2022-02-07 00:48:20
358,Khislavichi,54.1871,32.1582,29.93,95,100,14.43,RU,2022-02-07 00:48:20
359,Hay River,60.8156,-115.7999,24.78,80,75,3.44,CA,2022-02-07 00:48:21
360,Nioro,13.35,-15.75,75.67,31,0,3.09,GM,2022-02-07 00:48:21
361,Mareeba,-17.0,145.4333,81.48,73,43,4.21,AU,2022-02-07 00:48:22
362,Sylacauga,33.1732,-86.2516,47.08,75,75,0.0,US,2022-02-07 00:48:22
363,Valparaiso,-33.0393,-71.6273,66.47,75,100,5.75,CL,2022-02-07 00:47:01
364,Tsumeb,-19.2333,17.7167,63.95,76,100,7.61,NA,2022-02-07 00:48:23
365,Wittmund,53.5667,7.7833,38.01,87,19,24.27,DE,2022-02-07 00:48:23
366,Carutapera,-1.195,-46.02,76.06,92,100,4.65,BR,2022-02-07 00:47:13
367,Yeppoon,-23.1333,150.7333,80.38,58,1,13.85,AU,2022-02-07 00:48:23
368,Straumen,63.8709,11.2999,36.63,98,100,4.45,NO,2022-02-07 00:48:24
369,Shagonar,51.5333,92.8,-24.3,98,98,2.84,RU,2022-02-07 00:48:24
370,Bilibino,68.0546,166.4372,-11.52,79,17,4.09,RU,2022-02-07 00:48:25
371,Issia,6.4922,-6.5856,72.61,90,29,2.71,CI,2022-02-07 00:48:25
372,Poum,-20.2333,164.0167,81.84,82,100,16.93,NC,2022-02-07 00:48:26
373,Ixtapa,20.7,-105.2,74.43,78,75,12.66,MX,2022-02-07 00:46:29
374,Kiruna,67.8557,20.2251,16.72,93,100,8.05,SE,2022-02-07 00:48:26
375,Hualmay,-11.0964,-77.6139,70.66,79,100,7.16,PE,2022-02-07 00:45:20
376,Lompoc,34.6391,-120.4579,71.02,62,0,9.22,US,2022-02-07 00:49:27
377,Nipawin,53.3668,-104.0009,12.24,92,100,12.66,CA,2022-02-07 00:49:28
378,Batemans Bay,-35.7167,150.1833,72.19,65,47,11.23,AU,2022-02-07 00:45:25
379,Geretsried,47.8578,11.4805,42.13,88,100,1.99,DE,2022-02-07 00:49:28
380,Kruisfontein,-34.0033,24.7314,67.89,66,0,1.1,ZA,2022-02-07 00:46:54
381,Ushtobe,45.2514,77.9838,31.48,98,100,13.22,KZ,2022-02-07 00:47:49
382,Kikwit,-5.041,18.8162,70.03,95,100,0.45,CD,2022-02-07 00:49:29
383,Iqaluit,63.7506,-68.5145,-38.31,65,0,3.0,CA,2022-02-07 00:49:29
384,Capao Da Canoa,-29.7456,-50.0097,69.73,73,0,9.84,BR,2022-02-07 00:49:30
385,Yershichi,53.6725,32.7542,29.79,95,100,11.59,RU,2022-02-07 00:49:30
386,Bokaa,-24.45,26.0167,68.49,73,0,6.91,BW,2022-02-07 00:49:31
387,Khuzdar,27.7384,66.6434,52.59,59,4,1.01,PK,2022-02-07 00:49:32
388,Nanortalik,60.1432,-45.2371,18.64,62,100,44.02,GL,2022-02-07 00:49:32
389,Havre-Saint-Pierre,50.2334,-63.5986,6.8,60,75,12.66,CA,2022-02-07 00:49:32
390,Boyolangu,-8.1181,111.8935,80.29,83,99,7.09,ID,2022-02-07 00:49:33
391,Indore,22.7179,75.8333,57.38,47,0,0.0,IN,2022-02-07 00:47:26
392,Maarianhamina,60.0973,19.9348,31.86,86,0,3.44,AX,2022-02-07 00:49:33
393,Sesheke,-17.4759,24.2968,65.1,95,97,4.9,ZM,2022-02-07 00:49:34
394,Verkh-Usugli,52.7,115.1667,-5.78,96,36,2.15,RU,2022-02-07 00:49:34
395,Ostrovnoy,68.0531,39.5131,12.33,87,17,20.45,RU,2022-02-07 00:46:30
396,Chapayevka,47.4711,36.3451,29.17,89,96,11.7,UA,2022-02-07 00:49:35
397,Rach Gia,10.0167,105.0833,78.75,75,100,9.28,VN,2022-02-07 00:49:35
398,Harper,4.375,-7.7169,79.09,83,100,7.2,LR,2022-02-07 00:49:35
399,Bonavista,48.6499,-53.1147,13.12,64,59,20.85,CA,2022-02-07 00:47:19
400,Kolomak,49.8399,35.3044,21.49,92,30,9.93,UA,2022-02-07 00:49:36
401,Vung Tau,10.346,107.0843,79.05,71,52,4.45,VN,2022-02-07 00:49:37
402,Liepaja,56.5419,21.0367,33.85,100,100,2.3,LV,2022-02-07 00:49:37
403,Besikduzu,41.052,39.2284,42.69,80,72,6.35,TR,2022-02-07 00:49:37
404,Saldanha,-33.0117,17.9442,64.45,99,28,7.02,ZA,2022-02-07 00:46:27
405,Yongchang,30.0381,119.7317,33.58,100,100,4.45,CN,2022-02-07 00:49:38
406,Hit,33.6416,42.8251,49.66,57,15,1.9,IQ,2022-02-07 00:49:38
407,Uarini,-2.99,-65.1083,80.55,97,100,1.54,BR,2022-02-07 00:49:39
408,Dolores,-36.3132,-57.6792,58.62,91,19,9.42,AR,2022-02-07 00:49:39
409,Asfi,32.2994,-9.2372,56.73,76,29,12.86,MA,2022-02-07 00:49:40
410,Mantua,45.1667,10.7833,43.83,91,5,5.99,IT,2022-02-07 00:49:40
411,Mitsamiouli,-11.3847,43.2844,82.69,83,20,10.36,KM,2022-02-07 00:49:40
412,Usinsk,65.9939,57.5281,0.66,88,100,7.23,RU,2022-02-07 00:49:41
413,Flinders,-34.5833,150.8552,74.17,68,43,10.0,AU,2022-02-07 00:49:41
414,Grayvoron,50.4767,35.6773,31.08,92,99,9.08,RU,2022-02-07 00:49:42
415,San Vicente,-26.6167,-54.1333,61.3,59,0,2.91,AR,2022-02-07 00:49:42
416,Broken Hill,-31.95,141.4333,78.51,36,0,14.97,AU,2022-02-07 00:49:43
417,North Platte,41.1239,-100.7654,41.25,45,75,1.01,US,2022-02-07 00:49:43
418,Almaznyy,48.0448,40.045,30.34,94,91,8.48,RU,2022-02-07 00:49:44
419,Riyadh,24.6877,46.7219,48.34,44,0,6.33,SA,2022-02-07 00:46:40
420,Pisco,-13.7,-76.2167,68.02,94,0,6.91,PE,2022-02-07 00:49:45
421,Cortez,37.3489,-108.5859,43.56,24,0,12.66,US,2022-02-07 00:49:45
422,Jeremie,18.65,-74.1167,75.67,78,3,2.37,HT,2022-02-07 00:50:46
423,Dubbo,-32.25,148.6167,71.73,53,100,16.11,AU,2022-02-07 00:50:30
424,Liverpool,53.4106,-2.9779,42.75,84,40,7.0,GB,2022-02-07 00:50:47
425,Lagoa,39.05,-27.9833,59.67,86,8,15.26,PT,2022-02-07 00:50:47
426,Brora,58.0099,-3.8518,38.28,77,58,9.46,GB,2022-02-07 00:50:48
427,Morant Bay,17.8815,-76.4093,76.62,77,4,5.88,JM,2022-02-07 00:50:48
428,Macherla,16.4833,79.4333,66.63,91,100,4.21,IN,2022-02-07 00:50:48
429,Clovis,36.8252,-119.7029,67.12,40,0,1.99,US,2022-02-07 00:50:49
430,Srivardhan,18.0333,73.0167,67.17,81,21,5.57,IN,2022-02-07 00:50:49
431,Raudeberg,61.9875,5.1352,38.86,90,100,5.01,NO,2022-02-07 00:50:50
432,Bani,18.2833,-70.3333,72.86,79,10,12.28,DO,2022-02-07 00:50:50
433,Catuday,16.2923,119.8062,78.42,68,9,9.35,PH,2022-02-07 00:50:50
434,Mayumba,-3.432,10.6554,76.5,92,67,6.78,GA,2022-02-07 00:50:51
435,Ayr,55.4627,-4.6339,39.18,75,20,8.05,GB,2022-02-07 00:50:51
436,Hanchuan,30.65,113.7667,32.11,100,100,10.13,CN,2022-02-07 00:50:52
437,Mackay,-21.15,149.2,81.68,65,40,19.57,AU,2022-02-07 00:50:52
438,Lakatoro,-16.0999,167.4164,83.89,74,100,8.59,VU,2022-02-07 00:50:53
439,Xuddur,4.1213,43.8894,67.84,66,30,13.53,SO,2022-02-07 00:50:53
440,Granville,-33.8333,151.0167,75.02,68,75,20.71,AU,2022-02-07 00:47:03
441,Plettenberg Bay,-34.0527,23.3716,71.74,58,0,5.48,ZA,2022-02-07 00:50:54
442,Dongfeng,42.6403,125.5118,10.53,80,5,6.51,CN,2022-02-07 00:50:54
443,Akdepe,42.0551,59.3788,30.2,62,100,8.05,TM,2022-02-07 00:50:55
444,Coquimbo,-29.9533,-71.3436,65.23,83,7,3.27,CL,2022-02-07 00:50:55
445,Coolum Beach,-26.5333,153.1,75.11,79,92,16.84,AU,2022-02-07 00:50:55
446,Fairbanks,64.8378,-147.7164,-1.39,77,100,0.0,US,2022-02-07 00:50:56
447,Birao,10.2849,22.7882,62.13,17,4,7.81,CF,2022-02-07 00:50:56
448,Botlikh,42.6444,46.2297,28.11,85,100,2.55,RU,2022-02-07 00:50:57
449,Hambantota,6.1241,81.1185,77.34,88,40,2.3,LK,2022-02-07 00:47:07
450,Save,8.0425,2.486,77.05,64,0,2.8,BJ,2022-02-07 00:50:57
451,Noumea,-22.2763,166.4572,82.38,83,100,11.99,NC,2022-02-07 00:50:58
452,Alvorada,-12.48,-49.1247,72.5,89,100,5.23,BR,2022-02-07 00:50:58
453,Port Alberni,49.2413,-124.8028,46.9,92,63,2.77,CA,2022-02-07 00:50:59
454,Lebane,42.9239,21.7375,39.79,90,12,6.46,RS,2022-02-07 00:50:59
455,Nantucket,41.2835,-70.0995,31.14,67,0,5.75,US,2022-02-07 00:50:59
456,Bonthe,7.5264,-12.505,77.49,89,97,4.83,SL,2022-02-07 00:51:00
457,San Juan De Betulia,9.2735,-75.241,76.91,76,0,12.03,CO,2022-02-07 00:51:00
458,Goderich,43.7501,-81.7165,28.9,64,100,14.97,CA,2022-02-07 00:49:02
459,Chistogorskiy,53.9835,87.3843,4.28,98,100,2.89,RU,2022-02-07 00:51:01
460,Moron,-34.6534,-58.6198,69.96,66,20,6.71,AR,2022-02-07 00:51:01
461,Ust-Tsilma,65.441,52.1498,15.98,90,100,9.75,RU,2022-02-07 00:51:02
462,Marseille,43.3333,5.5,48.6,77,17,13.0,FR,2022-02-07 00:51:02
463,Gorontalo,0.5412,123.0595,84.02,67,99,2.51,ID,2022-02-07 00:51:03
464,Atlantic City,39.3643,-74.4229,36.0,75,100,0.0,US,2022-02-07 00:51:03
465,Porto Novo,6.4965,2.6036,82.22,88,18,4.76,BJ,2022-02-07 00:48:54
466,Korampallam,8.7667,78.1,73.69,77,98,8.48,IN,2022-02-07 00:51:04
467,Odweyne,9.4092,45.064,62.91,74,100,8.81,SO,2022-02-07 00:51:05
468,Olafsvik,64.8945,-23.7142,30.27,61,100,26.6,IS,2022-02-07 00:52:05
469,Sinnamary,5.3833,-52.95,77.34,88,100,8.23,GF,2022-02-07 00:52:06
470,Cap Malheureux,-19.9842,57.6142,79.29,85,100,5.01,MU,2022-02-07 00:52:06
471,Benguela,-12.5763,13.4055,76.84,70,100,2.98,AO,2022-02-07 00:52:07
472,Namatanai,-3.6667,152.4333,85.69,65,100,5.73,PG,2022-02-07 00:52:07
473,Darovskoy,58.77,47.9564,13.8,98,100,1.7,RU,2022-02-07 00:52:08
474,Tinaquillo,9.9186,-68.3047,73.94,77,92,5.19,VE,2022-02-07 00:52:09
475,Sabang,5.8933,95.3214,77.97,81,100,6.71,ID,2022-02-07 00:52:09
476,Hobyo,5.3505,48.5268,75.65,70,100,17.78,SO,2022-02-07 00:52:10
477,Baykit,61.67,96.37,-10.91,99,59,3.24,RU,2022-02-07 00:52:10
478,Qaqortoq,60.7167,-46.0333,11.19,63,100,21.05,GL,2022-02-07 00:52:10
479,Bijni,26.4959,90.703,52.92,82,0,5.1,IN,2022-02-07 00:52:11
480,Saint Anthony,45.0205,-93.218,14.2,69,100,5.99,US,2022-02-07 00:52:11
481,Peace River,56.2501,-117.286,44.91,49,100,25.32,CA,2022-02-07 00:52:12
482,Dagda,56.0951,27.5372,32.65,97,100,11.25,LV,2022-02-07 00:52:12
483,Vanderhoof,54.0166,-124.0198,30.09,98,100,1.48,CA,2022-02-07 00:52:13
484,Ferrol,43.4832,-8.2369,50.68,85,99,3.85,ES,2022-02-07 00:52:13
485,Katherine,-14.4667,132.2667,82.72,78,75,10.36,AU,2022-02-07 00:52:13
486,Tagusao,9.1924,117.8141,81.05,73,100,7.23,PH,2022-02-07 00:52:14
487,Yeniseysk,58.4497,92.1703,-0.85,100,100,1.12,RU,2022-02-07 00:52:14
488,Amsterdam,52.374,4.8897,42.91,75,20,11.99,NL,2022-02-07 00:47:21
489,Madikeri,12.4167,75.7333,57.42,84,54,2.73,IN,2022-02-07 00:52:15
490,Quelimane,-17.8786,36.8883,78.75,89,40,4.61,MZ,2022-02-07 00:52:15
491,Filadelfia,39.9523,-75.1638,32.11,67,0,1.01,US,2022-02-07 00:51:53
492,Pajan,-1.5667,-80.4167,73.31,93,86,2.84,EC,2022-02-07 00:52:16
493,Nizwa,22.9333,57.5333,61.99,58,1,2.04,OM,2022-02-07 00:52:16
494,Kiama,-34.6833,150.8667,74.37,68,48,1.99,AU,2022-02-07 00:52:16
495,Amga,60.8953,131.9608,-18.99,98,100,1.34,RU,2022-02-07 00:52:17
496,San Matias,-16.3667,-58.4,74.41,93,96,3.83,BO,2022-02-07 00:47:19
497,Lorengau,-2.0226,147.2712,83.32,77,99,8.61,PG,2022-02-07 00:52:17
498,Yelizovo,53.1873,158.3805,32.14,59,75,22.37,RU,2022-02-07 00:52:18
499,Bandarbeyla,9.4942,50.8122,74.66,75,97,13.0,SO,2022-02-07 00:52:18
500,Lebu,-37.6167,-73.65,59.63,90,0,14.27,CL,2022-02-07 00:52:19
501,Oktyabrskoye,43.0645,44.7417,23.14,93,97,6.71,RU,2022-02-07 00:49:00
502,Omsukchan,62.5333,155.8,-7.19,77,5,1.7,RU,2022-02-07 00:52:19
503,Patos,-7.0244,-37.28,82.29,58,4,13.38,BR,2022-02-07 00:52:20
504,Kaihua,23.3687,104.28,49.96,86,98,5.82,CN,2022-02-07 00:52:20
505,Yantal,56.8471,105.2542,7.99,98,100,3.04,RU,2022-02-07 00:52:21
506,Ibra,22.6906,58.5334,61.47,80,0,2.66,OM,2022-02-07 00:52:21
507,Sola,-13.8833,167.55,82.83,80,100,20.13,VU,2022-02-07 00:52:21
508,Port Hardy,50.6996,-127.4199,47.75,81,100,20.71,CA,2022-02-07 00:52:22
509,Omboue,-1.5746,9.2618,77.31,87,74,4.88,GA,2022-02-07 00:49:33
510,Parkes,-33.1333,148.1833,79.36,40,0,1.01,AU,2022-02-07 00:52:23
511,Macusani,-14.0833,-70.4333,35.73,96,100,4.54,PE,2022-02-07 00:52:23
512,Bardiyah,31.7561,25.0865,56.82,62,100,8.97,LY,2022-02-07 00:52:23
513,Mayskiy,47.6931,40.1025,31.41,90,95,6.91,RU,2022-02-07 00:52:24
514,Ondangwa,-17.9167,15.95,71.6,78,100,6.91,NA,2022-02-07 00:53:25
515,Darnah,32.767,22.6367,57.29,49,96,5.03,LY,2022-02-07 00:53:25
516,Verkhnevilyuysk,63.4453,120.3167,-10.79,97,100,6.24,RU,2022-02-07 00:53:25
517,Naze,28.3667,129.4833,52.72,57,100,4.23,JP,2022-02-07 00:53:26
518,Mzimba,-11.9,33.6,61.32,98,99,1.23,MW,2022-02-07 00:53:26
519,Salalah,17.0151,54.0924,69.84,28,91,15.52,OM,2022-02-07 00:53:27
520,Broome,42.2506,-75.833,23.9,79,3,3.83,US,2022-02-07 00:53:27
521,Vallenar,-28.5708,-70.7581,71.98,49,0,3.42,CL,2022-02-07 00:53:27
522,Tual,-5.6667,132.75,82.83,73,67,3.31,ID,2022-02-07 00:53:28
523,Terra Roxa,-23.8557,-50.0314,67.37,91,11,2.93,BR,2022-02-07 00:53:28
524,North Bend,43.4065,-124.2243,62.94,53,0,3.44,US,2022-02-07 00:53:28
525,Saint-Georges,12.0564,-61.7485,78.48,83,20,17.27,GD,2022-02-07 00:53:29
526,Krasnoshchekovo,51.6708,82.7289,-2.67,87,4,3.85,RU,2022-02-07 00:53:29
527,College,64.8569,-147.8028,-1.41,78,100,0.0,US,2022-02-07 00:53:29
528,Cartagena Del Chaira,1.3349,-74.8429,76.57,82,100,1.86,CO,2022-02-07 00:53:30
529,Kendari,-3.945,122.4989,84.47,70,74,9.93,ID,2022-02-07 00:53:30
530,Sitrah,26.1547,50.6206,59.0,66,0,7.0,BH,2022-02-07 00:53:31
531,Sungaipenuh,-2.0833,101.3833,67.15,81,100,2.48,ID,2022-02-07 00:53:31
532,Richards Bay,-28.783,32.0377,70.97,91,68,2.95,ZA,2022-02-07 00:53:32
533,Bilma,18.6853,12.9164,59.07,17,0,8.32,NE,2022-02-07 00:53:32
534,Saint George,37.1041,-113.5841,57.79,19,0,14.97,US,2022-02-07 00:49:46
535,Kautokeino,69.0125,23.0412,0.82,100,100,2.37,NO,2022-02-07 00:53:33
536,Fredericksburg,38.3032,-77.4605,34.95,52,100,3.44,US,2022-02-07 00:53:33
537,Nelson Bay,-32.7167,152.15,75.96,58,68,17.58,AU,2022-02-07 00:53:33
538,Hirara,24.8,125.2833,66.06,68,75,6.91,JP,2022-02-07 00:53:34
539,Kragujevac,44.0167,20.9167,30.49,88,100,6.98,RS,2022-02-07 00:53:34
540,Rundu,-17.9333,19.7667,66.33,87,98,4.7,NA,2022-02-07 00:53:35
